[
  {
    "id": "login-feature",
    "line": 1,
    "keyword": "Feature",
    "name": "User login",
    "description": "As a user, I want to log in to the application",
    "uri": "features/user_login.feature",
    "tags": [
      
    ],
    "elements": [
      {
        "name": "Successful login",
        "id": "login-feature:successful-login",
        "tags": [
          {
            "name": "@CASE=POC-T2",
            "line": 5
          }
        ],
        "description": "",
        "type": "scenario",
        "line": 1,
        "keyword": "Scenario",
        "steps": [
          {
            "keyword": "Given ",
            "name": "I am on the login page",
            "result": {
              "status": "passed",
              "duration": 1500000000
            }
          },
          {
            "keyword": "When ",
            "name": "I enter valid credentials",
            "result": {
              "status": "passed",
              "duration": 2000000000
            }
          },
          {
            "keyword": "Then ",
            "name": "I should be redirected to the dashboard",
            "result": {
              "status": "passed",
              "duration": 1000000000
            }
          }
        ]
      }
    ]
  }
]